{"cameraMode":{"drawMode":0,"name":"Shaded","section":"Shading Mode"},"sceneLighting":true,"audioPlay":false,"sceneViewState":{"showFog":true,"showMaterialUpdate":false,"showSkybox":true,"showFlares":true,"showImageEffects":true,"showParticleSystems":true},"in2DMode":false,"pivot":{"x":3.6999998092651369,"y":1.5899999141693116,"z":0.0},"rotation":{"x":-0.05537520721554756,"y":-0.9425074458122253,"z":0.19823898375034333,"w":-0.2632767856121063},"size":2.596482038497925,"orthographic":false}