{"cameraMode":{"drawMode":0,"name":"Shaded","section":"Shading Mode"},"sceneLighting":false,"audioPlay":false,"sceneViewState":{"showFog":true,"showMaterialUpdate":false,"showSkybox":true,"showFlares":true,"showImageEffects":true,"showParticleSystems":true},"in2DMode":false,"pivot":{"x":-14.694963455200196,"y":1.0,"z":17.422273635864259},"rotation":{"x":0.19476497173309327,"y":-0.3418315351009369,"z":0.07264379411935806,"w":0.9164834022521973},"size":3.5234358310699465,"orthographic":true}