{"cameraMode":{"drawMode":0,"name":"Shaded","section":"Shading Mode"},"sceneLighting":false,"audioPlay":false,"sceneViewState":{"showFog":true,"showMaterialUpdate":false,"showSkybox":true,"showFlares":true,"showImageEffects":true,"showParticleSystems":true},"in2DMode":false,"pivot":{"x":1.7999993562698365,"y":-40.986289978027347,"z":-22.833786010742189},"rotation":{"x":0.09573717415332794,"y":0.9029578566551209,"z":-0.2696249485015869,"w":0.3206305503845215},"size":8.864208221435547,"orthographic":false}