{"cameraMode":{"drawMode":0,"name":"Shaded","section":"Shading Mode"},"sceneLighting":true,"audioPlay":false,"sceneViewState":{"showFog":true,"showMaterialUpdate":false,"showSkybox":true,"showFlares":true,"showImageEffects":true,"showParticleSystems":true},"in2DMode":false,"pivot":{"x":-8.460002899169922,"y":2.7899999618530275,"z":-176.69000244140626},"rotation":{"x":-0.06045294925570488,"y":0.8943371772766113,"z":-0.4246203303337097,"w":-0.12729525566101075},"size":7.5522027015686039,"orthographic":false}