{"cameraMode":{"drawMode":0,"name":"Shaded","section":"Shading Mode"},"sceneLighting":true,"audioPlay":false,"sceneViewState":{"showFog":true,"showMaterialUpdate":false,"showSkybox":true,"showFlares":true,"showImageEffects":true,"showParticleSystems":true},"in2DMode":false,"pivot":{"x":-59.380001068115237,"y":2.077655792236328,"z":-158.69000244140626},"rotation":{"x":0.0472627654671669,"y":0.07036257535219193,"z":-0.0033374920021742584,"w":0.9963956475257874},"size":10.387825965881348,"orthographic":true}