{"cameraMode":{"drawMode":0,"name":"Shaded","section":"Shading Mode"},"sceneLighting":true,"audioPlay":false,"sceneViewState":{"showFog":true,"showMaterialUpdate":false,"showSkybox":true,"showFlares":true,"showImageEffects":true,"showParticleSystems":true},"in2DMode":false,"pivot":{"x":-47.150001525878909,"y":2.690000057220459,"z":-120.18000030517578},"rotation":{"x":0.17506474256515504,"y":-0.8192048072814941,"z":0.43590274453163149,"w":0.3290056884288788},"size":10.596589088439942,"orthographic":false}