{"cameraMode":{"drawMode":0,"name":"Shaded","section":"Shading Mode"},"sceneLighting":true,"audioPlay":false,"sceneViewState":{"showFog":true,"showMaterialUpdate":false,"showSkybox":true,"showFlares":true,"showImageEffects":true,"showParticleSystems":true},"in2DMode":false,"pivot":{"x":-70.20314025878906,"y":2.6760807037353517,"z":-146.93185424804688},"rotation":{"x":-0.11870768666267395,"y":0.881284773349762,"z":-0.32150396704673769,"w":-0.3253934383392334},"size":11.236041069030762,"orthographic":false}