{"cameraMode":{"drawMode":0,"name":"Shaded","section":"Shading Mode"},"sceneLighting":true,"audioPlay":false,"sceneViewState":{"showFog":true,"showMaterialUpdate":false,"showSkybox":true,"showFlares":true,"showImageEffects":true,"showParticleSystems":true},"in2DMode":false,"pivot":{"x":-56.529998779296878,"y":5.880001068115234,"z":-214.13999938964845},"rotation":{"x":0.004963436163961887,"y":-0.989654541015625,"z":0.13895955681800843,"w":0.03535006567835808},"size":22.666160583496095,"orthographic":false}