{"cameraMode":{"drawMode":0,"name":"Shaded","section":"Shading Mode"},"sceneLighting":false,"audioPlay":false,"sceneViewState":{"showFog":true,"showMaterialUpdate":false,"showSkybox":true,"showFlares":true,"showImageEffects":true,"showParticleSystems":true},"in2DMode":false,"pivot":{"x":-77.54883575439453,"y":-32.56009292602539,"z":33.386722564697269},"rotation":{"x":-0.08663282543420792,"y":0.5459959506988525,"z":-0.05685849115252495,"w":-0.831379234790802},"size":93.26935577392578,"orthographic":false}