{"cameraMode":{"drawMode":0,"name":"Shaded","section":"Shading Mode"},"sceneLighting":false,"audioPlay":false,"sceneViewState":{"showFog":true,"showMaterialUpdate":false,"showSkybox":true,"showFlares":true,"showImageEffects":true,"showParticleSystems":true},"in2DMode":false,"pivot":{"x":-79.09676361083985,"y":-30.18046760559082,"z":31.073711395263673},"rotation":{"x":-0.08663282543420792,"y":0.5459959506988525,"z":-0.05685849115252495,"w":-0.831379234790802},"size":93.26935577392578,"orthographic":false}