{"cameraMode":{"drawMode":0,"name":"Shaded","section":"Shading Mode"},"sceneLighting":true,"audioPlay":false,"sceneViewState":{"showFog":false,"showMaterialUpdate":false,"showSkybox":false,"showFlares":false,"showImageEffects":false,"showParticleSystems":false},"in2DMode":false,"pivot":{"x":-3.627869129180908,"y":-3.105788469314575,"z":-23.119443893432618},"rotation":{"x":-0.0077876439318060879,"y":0.9620855450630188,"z":0.02555791474878788,"w":0.2723393738269806},"size":11.594444274902344,"orthographic":false}