{"cameraMode":{"drawMode":0,"name":"Shaded","section":"Shading Mode"},"sceneLighting":false,"audioPlay":false,"sceneViewState":{"showFog":true,"showMaterialUpdate":true,"showSkybox":true,"showFlares":true,"showImageEffects":true,"showParticleSystems":true},"in2DMode":false,"pivot":{"x":-35.83055114746094,"y":3.2074942588806154,"z":-127.05821990966797},"rotation":{"x":-0.03096519410610199,"y":-0.7430458068847656,"z":0.03467131033539772,"w":-0.6676848530769348},"size":10.308509826660157,"orthographic":false}