{"cameraMode":{"drawMode":0,"name":"Shaded","section":"Shading Mode"},"sceneLighting":false,"audioPlay":false,"sceneViewState":{"showFog":true,"showMaterialUpdate":true,"showSkybox":true,"showFlares":true,"showImageEffects":true,"showParticleSystems":true},"in2DMode":false,"pivot":{"x":-51.14853286743164,"y":1.6556437015533448,"z":-123.6605224609375},"rotation":{"x":-0.12514762580394746,"y":0.39013972878456118,"z":-0.0534474216401577,"w":-0.9106898307800293},"size":11.471524238586426,"orthographic":false}