{"cameraMode":{"drawMode":0,"name":"Shaded","section":"Shading Mode"},"sceneLighting":false,"audioPlay":false,"sceneViewState":{"showFog":true,"showMaterialUpdate":true,"showSkybox":true,"showFlares":true,"showImageEffects":true,"showParticleSystems":true},"in2DMode":false,"pivot":{"x":-36.155826568603519,"y":2.1691017150878908,"z":-135.38421630859376},"rotation":{"x":-0.07536990940570831,"y":-0.8700754642486572,"z":0.1409309357404709,"w":-0.4663781225681305},"size":11.471524238586426,"orthographic":false}