{"cameraMode":{"drawMode":0,"name":"Shaded","section":"Shading Mode"},"sceneLighting":true,"audioPlay":false,"sceneViewState":{"showFog":true,"showMaterialUpdate":true,"showSkybox":true,"showFlares":true,"showImageEffects":true,"showParticleSystems":true},"in2DMode":false,"pivot":{"x":1.2010418176651,"y":44.94854736328125,"z":-5.2698493003845219},"rotation":{"x":-0.014846070669591427,"y":0.8962354063987732,"z":-0.029475100338459016,"w":-0.4427555799484253},"size":3.5234341621398927,"orthographic":false}