{"cameraMode":{"drawMode":0,"name":"Shaded","section":"Shading Mode"},"sceneLighting":false,"audioPlay":false,"sceneViewState":{"showFog":false,"showMaterialUpdate":false,"showSkybox":false,"showFlares":false,"showImageEffects":false,"showParticleSystems":false},"in2DMode":false,"pivot":{"x":-25.205398559570314,"y":145.48287963867188,"z":-1.3592071533203126},"rotation":{"x":-0.02997388131916523,"y":0.9684863090515137,"z":-0.1448868364095688,"w":-0.20035843551158906},"size":10.873907089233399,"orthographic":false}