{"cameraMode":{"drawMode":0,"name":"Shaded","section":"Shading Mode"},"sceneLighting":true,"audioPlay":false,"sceneViewState":{"showFog":false,"showMaterialUpdate":false,"showSkybox":false,"showFlares":false,"showImageEffects":false,"showParticleSystems":false},"in2DMode":false,"pivot":{"x":-9.41203784942627,"y":38.30633544921875,"z":-47.906951904296878},"rotation":{"x":0.0063856616616249088,"y":0.9712701439857483,"z":-0.02623062953352928,"w":0.2364472597837448},"size":67.59540557861328,"orthographic":false}