{"cameraMode":{"drawMode":0,"name":"Shaded","section":"Shading Mode"},"sceneLighting":true,"audioPlay":false,"sceneViewState":{"showFog":false,"showMaterialUpdate":false,"showSkybox":false,"showFlares":false,"showImageEffects":false,"showParticleSystems":false},"in2DMode":false,"pivot":{"x":-150.72744750976563,"y":-7.415698051452637,"z":-32.71969223022461},"rotation":{"x":0.055448006838560107,"y":-0.5225547552108765,"z":0.03401215746998787,"w":0.8501759767532349},"size":101.0405502319336,"orthographic":false}