{"cameraMode":{"drawMode":0,"name":"Shaded","section":"Shading Mode"},"sceneLighting":false,"audioPlay":false,"sceneViewState":{"showFog":true,"showMaterialUpdate":false,"showSkybox":true,"showFlares":true,"showImageEffects":true,"showParticleSystems":true},"in2DMode":false,"pivot":{"x":-0.790566086769104,"y":0.571316659450531,"z":-0.5846149921417236},"rotation":{"x":-0.1269461065530777,"y":-0.6992361545562744,"z":0.12832319736480714,"w":-0.691727340221405},"size":57.4317626953125,"orthographic":false}