{"cameraMode":{"drawMode":0,"name":"Shaded","section":"Shading Mode"},"sceneLighting":false,"audioPlay":false,"sceneViewState":{"showFog":true,"showMaterialUpdate":true,"showSkybox":true,"showFlares":true,"showImageEffects":true,"showParticleSystems":true},"in2DMode":false,"pivot":{"x":-70.19467163085938,"y":1.092900037765503,"z":-78.03057098388672},"rotation":{"x":0.01603030227124691,"y":0.9813796281814575,"z":-0.1664397120475769,"w":0.09447957575321198},"size":6.802816867828369,"orthographic":false}