{"cameraMode":{"drawMode":0,"name":"Shaded","section":"Shading Mode"},"sceneLighting":false,"audioPlay":false,"sceneViewState":{"showFog":true,"showMaterialUpdate":true,"showSkybox":true,"showFlares":true,"showImageEffects":true,"showParticleSystems":true},"in2DMode":false,"pivot":{"x":-0.0065451860427856449,"y":-13.873302459716797,"z":0.2474222183227539},"rotation":{"x":0.046875838190317157,"y":0.09657321125268936,"z":0.004478188697248697,"w":-0.9942747354507446},"size":7.539491653442383,"orthographic":false}