{"cameraMode":{"drawMode":0,"name":"Shaded","section":"Shading Mode"},"sceneLighting":false,"audioPlay":false,"sceneViewState":{"showFog":true,"showMaterialUpdate":false,"showSkybox":true,"showFlares":true,"showImageEffects":true,"showParticleSystems":true},"in2DMode":false,"pivot":{"x":672.5853881835938,"y":252.34524536132813,"z":-95.46209716796875},"rotation":{"x":0.0003113524289801717,"y":0.01625874824821949,"z":-0.00002302456778124906,"w":0.9999109506607056},"size":753.5361938476563,"orthographic":false}