{"cameraMode":{"drawMode":0,"name":"Shaded","section":"Shading Mode"},"sceneLighting":true,"audioPlay":false,"sceneViewState":{"showFog":true,"showMaterialUpdate":true,"showSkybox":true,"showFlares":true,"showImageEffects":true,"showParticleSystems":true},"in2DMode":false,"pivot":{"x":-17.0927734375,"y":-5.989351272583008,"z":-23.615514755249025},"rotation":{"x":-0.0030012251809239389,"y":0.9957757592201233,"z":-0.08474312722682953,"w":-0.035253752022981647},"size":48.08452224731445,"orthographic":false}