{"cameraMode":{"drawMode":0,"name":"Shaded","section":"Shading Mode"},"sceneLighting":false,"audioPlay":false,"sceneViewState":{"showFog":true,"showMaterialUpdate":true,"showSkybox":true,"showFlares":true,"showImageEffects":true,"showParticleSystems":true},"in2DMode":false,"pivot":{"x":-24.37159538269043,"y":1.1003519296646119,"z":-158.5807342529297},"rotation":{"x":-0.03959779813885689,"y":0.8614435195922852,"z":-0.06815071403980255,"w":-0.5018236637115479},"size":3.0514509677886965,"orthographic":false}