{"cameraMode":{"drawMode":0,"name":"Shaded","section":"Shading Mode"},"sceneLighting":false,"audioPlay":false,"sceneViewState":{"showFog":true,"showMaterialUpdate":true,"showSkybox":true,"showFlares":true,"showImageEffects":true,"showParticleSystems":true},"in2DMode":false,"pivot":{"x":-38.916748046875,"y":2.9693450927734377,"z":-134.08544921875},"rotation":{"x":-0.00869713630527258,"y":-0.2571686804294586,"z":-0.002313863253220916,"w":0.9663254022598267},"size":4.511505603790283,"orthographic":true}