{"cameraMode":{"drawMode":0,"name":"Shaded","section":"Shading Mode"},"sceneLighting":true,"audioPlay":false,"sceneViewState":{"showFog":true,"showMaterialUpdate":true,"showSkybox":true,"showFlares":true,"showImageEffects":true,"showParticleSystems":true},"in2DMode":false,"pivot":{"x":-4.033282279968262,"y":-3.979379177093506,"z":-25.482738494873048},"rotation":{"x":0.046875838190317157,"y":0.09657321125268936,"z":0.004478188697248697,"w":-0.9942747354507446},"size":3.5234358310699465,"orthographic":false}