{"cameraMode":{"drawMode":0,"name":"Shaded","section":"Shading Mode"},"sceneLighting":false,"audioPlay":false,"sceneViewState":{"showFog":true,"showMaterialUpdate":false,"showSkybox":true,"showFlares":true,"showImageEffects":true,"showParticleSystems":true},"in2DMode":false,"pivot":{"x":-15.513516426086426,"y":0.7129197120666504,"z":15.962722778320313},"rotation":{"x":-0.1999141424894333,"y":0.5552669763565064,"z":-0.1395987719297409,"w":-0.7951410412788391},"size":5.1750898361206059,"orthographic":false}