{"cameraMode":{"drawMode":0,"name":"Shaded","section":"Shading Mode"},"sceneLighting":true,"audioPlay":false,"sceneViewState":{"showFog":true,"showMaterialUpdate":true,"showSkybox":true,"showFlares":true,"showImageEffects":true,"showParticleSystems":true},"in2DMode":false,"pivot":{"x":15.890767097473145,"y":-1.4863343238830567,"z":-1.5659008026123047},"rotation":{"x":-0.17471234500408173,"y":0.15663737058639527,"z":-0.028186945244669915,"w":-0.9717406630516052},"size":3.5234358310699465,"orthographic":false}