{"cameraMode":{"drawMode":0,"name":"Shaded","section":"Shading Mode"},"sceneLighting":false,"audioPlay":false,"sceneViewState":{"showFog":true,"showMaterialUpdate":true,"showSkybox":true,"showFlares":true,"showImageEffects":true,"showParticleSystems":true},"in2DMode":false,"pivot":{"x":1.785527229309082,"y":-41.05876922607422,"z":-22.83025360107422},"rotation":{"x":-0.05980052798986435,"y":-0.9394852519035339,"z":0.2188829481601715,"w":-0.2566794455051422},"size":8.14198112487793,"orthographic":false}