{"cameraMode":{"drawMode":0,"name":"Shaded","section":"Shading Mode"},"sceneLighting":false,"audioPlay":false,"sceneViewState":{"showFog":true,"showMaterialUpdate":false,"showSkybox":true,"showFlares":true,"showImageEffects":true,"showParticleSystems":true},"in2DMode":false,"pivot":{"x":599.3233032226563,"y":120.73436737060547,"z":66.57738494873047},"rotation":{"x":-0.11696405708789826,"y":0.03633761778473854,"z":-0.004280710127204657,"w":-0.992469310760498},"size":1211.8101806640625,"orthographic":false}