{"cameraMode":{"drawMode":0,"name":"Shaded","section":"Shading Mode"},"sceneLighting":true,"audioPlay":false,"sceneViewState":{"showFog":true,"showMaterialUpdate":false,"showSkybox":true,"showFlares":true,"showImageEffects":true,"showParticleSystems":true},"in2DMode":false,"pivot":{"x":0.028483092784881593,"y":1.489538311958313,"z":0.2371807098388672},"rotation":{"x":-0.18892359733581544,"y":0.7939409613609314,"z":-0.30594155192375185,"w":-0.49027079343795779},"size":1.4289418458938599,"orthographic":false}