{"cameraMode":{"drawMode":0,"name":"Shaded","section":"Shading Mode"},"sceneLighting":false,"audioPlay":false,"sceneViewState":{"showFog":true,"showMaterialUpdate":false,"showSkybox":true,"showFlares":true,"showImageEffects":true,"showParticleSystems":true},"in2DMode":false,"pivot":{"x":0.007856369018554688,"y":-0.6755244135856628,"z":-0.030219674110412599},"rotation":{"x":0.30076369643211367,"y":-0.6594855785369873,"z":0.327152818441391,"w":0.6062929034233093},"size":6.9126973152160648,"orthographic":false}