{"cameraMode":{"drawMode":0,"name":"Shaded","section":"Shading Mode"},"sceneLighting":true,"audioPlay":false,"sceneViewState":{"showFog":true,"showMaterialUpdate":false,"showSkybox":true,"showFlares":true,"showImageEffects":true,"showParticleSystems":true},"in2DMode":false,"pivot":{"x":-44.439998626708987,"y":3.275932788848877,"z":-123.69999694824219},"rotation":{"x":-0.07420274615287781,"y":0.9225185513496399,"z":-0.22428950667381288,"w":-0.30520105361938479},"size":12.003106117248536,"orthographic":true}