{"cameraMode":{"drawMode":0,"name":"Shaded","section":"Shading Mode"},"sceneLighting":false,"audioPlay":false,"sceneViewState":{"showFog":true,"showMaterialUpdate":false,"showSkybox":true,"showFlares":true,"showImageEffects":true,"showParticleSystems":true},"in2DMode":false,"pivot":{"x":725.8095092773438,"y":-54.71026611328125,"z":-502.0215759277344},"rotation":{"x":0.20837321877479554,"y":0.7580694556236267,"z":-0.28924065828323367,"w":0.5461241602897644},"size":390.9069519042969,"orthographic":false}