{"cameraMode":{"drawMode":0,"name":"Shaded","section":"Shading Mode"},"sceneLighting":false,"audioPlay":false,"sceneViewState":{"showFog":true,"showMaterialUpdate":false,"showSkybox":true,"showFlares":true,"showImageEffects":true,"showParticleSystems":true},"in2DMode":false,"pivot":{"x":-0.08785855770111084,"y":0.08456933498382569,"z":-0.0036034584045410158},"rotation":{"x":-0.23543763160705567,"y":0.29659366607666018,"z":-0.07569968700408936,"w":-0.9224392771720886},"size":4.041658401489258,"orthographic":false}