{"cameraMode":{"drawMode":0,"name":"Shaded","section":"Shading Mode"},"sceneLighting":false,"audioPlay":false,"sceneViewState":{"showFog":false,"showMaterialUpdate":false,"showSkybox":false,"showFlares":false,"showImageEffects":false,"showParticleSystems":false},"in2DMode":false,"pivot":{"x":-15.114628791809082,"y":1.1069741249084473,"z":12.35847282409668},"rotation":{"x":0.06185067072510719,"y":-0.34676089882850649,"z":0.022902943193912507,"w":0.9356738328933716},"size":17.99131965637207,"orthographic":false}