{"cameraMode":{"drawMode":0,"name":"Shaded","section":"Shading Mode"},"sceneLighting":false,"audioPlay":false,"sceneViewState":{"showFog":true,"showMaterialUpdate":true,"showSkybox":true,"showFlares":true,"showImageEffects":true,"showParticleSystems":true},"in2DMode":false,"pivot":{"x":11.823314666748047,"y":-43.66935729980469,"z":-34.36140823364258},"rotation":{"x":-0.025233326479792596,"y":-0.9384168982505798,"z":0.07055199891328812,"w":-0.3372742533683777},"size":18.28346061706543,"orthographic":false}