{"cameraMode":{"drawMode":0,"name":"Shaded","section":"Shading Mode"},"sceneLighting":false,"audioPlay":false,"sceneViewState":{"showFog":true,"showMaterialUpdate":true,"showSkybox":true,"showFlares":true,"showImageEffects":true,"showParticleSystems":true},"in2DMode":false,"pivot":{"x":-43.5538215637207,"y":3.1372084617614748,"z":-133.41632080078126},"rotation":{"x":-0.03096519410610199,"y":-0.7430458068847656,"z":0.03467131033539772,"w":-0.6676848530769348},"size":10.59993839263916,"orthographic":false}