{"cameraMode":{"drawMode":0,"name":"Shaded","section":"Shading Mode"},"sceneLighting":false,"audioPlay":false,"sceneViewState":{"showFog":false,"showMaterialUpdate":false,"showSkybox":false,"showFlares":false,"showImageEffects":false,"showParticleSystems":false},"in2DMode":false,"pivot":{"x":-15.559686660766602,"y":0.947806715965271,"z":11.130162239074707},"rotation":{"x":-0.11502017080783844,"y":0.06223154067993164,"z":-0.00722655700519681,"w":-0.991411030292511},"size":18.13217544555664,"orthographic":false}