{"cameraMode":{"drawMode":0,"name":"Shaded","section":"Shading Mode"},"sceneLighting":true,"audioPlay":false,"sceneViewState":{"showFog":true,"showMaterialUpdate":true,"showSkybox":true,"showFlares":true,"showImageEffects":true,"showParticleSystems":true},"in2DMode":false,"pivot":{"x":-44.439998626708987,"y":3.275932788848877,"z":-123.69999694824219},"rotation":{"x":0.06993544846773148,"y":0.9291828274726868,"z":-0.23478645086288453,"w":0.2767741084098816},"size":1.4289418458938599,"orthographic":true}