{"cameraMode":{"drawMode":0,"name":"Shaded","section":"Shading Mode"},"sceneLighting":false,"audioPlay":false,"sceneViewState":{"showFog":true,"showMaterialUpdate":false,"showSkybox":true,"showFlares":true,"showImageEffects":true,"showParticleSystems":true},"in2DMode":false,"pivot":{"x":-17.941137313842775,"y":1.9651464223861695,"z":-166.8976593017578},"rotation":{"x":-0.03922275826334953,"y":0.9559410810470581,"z":-0.15065178275108338,"w":-0.24888262152671815},"size":5.715777397155762,"orthographic":false}