{"cameraMode":{"drawMode":0,"name":"Shaded","section":"Shading Mode"},"sceneLighting":false,"audioPlay":false,"sceneViewState":{"showFog":true,"showMaterialUpdate":false,"showSkybox":true,"showFlares":true,"showImageEffects":true,"showParticleSystems":true},"in2DMode":false,"pivot":{"x":3.259999990463257,"y":0.890999972820282,"z":0.17000001668930055},"rotation":{"x":-0.07546510547399521,"y":0.518518328666687,"z":-0.04600906744599342,"w":-0.8504862785339356},"size":3.5234365463256838,"orthographic":true}