{"cameraMode":{"drawMode":0,"name":"Shaded","section":"Shading Mode"},"sceneLighting":true,"audioPlay":false,"sceneViewState":{"showFog":true,"showMaterialUpdate":false,"showSkybox":true,"showFlares":true,"showImageEffects":true,"showParticleSystems":true},"in2DMode":false,"pivot":{"x":-0.03926295042037964,"y":1.190000057220459,"z":2.5299999713897707},"rotation":{"x":0.05540289729833603,"y":0.5099813938140869,"z":-0.03293943032622337,"w":0.8577671647071838},"size":4.302969455718994,"orthographic":true}